tmdb_id,semantic_overlap,hybrid_overlap,noboost_overlap,churn
250923,1.0,1.0,1.0,0.0
80462,1.0,1.0,1.0,0.5
210906,1.0,1.0,1.0,0.1
130209,0.9,0.9,0.9,0.0
98574,0.2,0.3,0.2,0.1
72339,0.8,0.8,0.8,0.2
270873,0.8,0.7,0.8,0.1
68486,1.0,1.0,1.0,0.1
101629,0.7,0.9,0.7,0.2
96302,0.6,0.7,0.6,0.2
67276,1.0,1.0,1.0,0.0
38455,0.9,0.9,0.9,0.0
81968,0.6,0.6,0.6,0.1
79989,0.8,0.8,0.8,0.2
60780,0.6,0.6,0.6,0.0
313775,1.0,1.0,1.0,0.4
116168,1.0,1.0,1.0,0.8
43341,0.9,1.0,0.9,0.8
67118,0.9,0.9,0.9,0.2
313734,0.6,0.7,0.6,0.1
118809,0.9,0.8,0.9,0.1
104683,0.5,0.5,0.5,0.1
77117,0.8,0.9,0.8,0.1
715,1.0,1.0,1.0,0.0
216770,0.8,0.8,0.8,0.5
244587,0.5,0.4,0.5,0.2
256580,0.8,0.8,0.8,0.1
14327,0.9,0.9,0.9,0.0
85674,0.9,0.9,0.9,0.1
294479,1.0,1.0,1.0,0.0
230351,1.0,1.0,1.0,0.1
71005,1.0,1.0,1.0,0.4
78102,1.0,1.0,1.0,0.7
2734,0.9,0.9,0.9,0.1
71449,0.7,0.5,0.7,0.2
285068,0.8,0.8,0.8,0.0
4684,0.7,0.9,0.7,0.5
28567,1.0,1.0,1.0,0.2
83354,0.4,0.4,0.4,0.1
130396,0.9,1.0,0.9,0.3
32504,0.5,0.5,0.5,0.0
283071,0.7,0.8,0.7,0.3
65804,0.5,0.6,0.5,0.1
5828,0.3,0.3,0.3,0.1
242269,0.9,0.8,0.9,0.2
109934,0.9,0.9,0.9,0.5
75578,0.8,0.8,0.8,0.1
79855,0.3,0.3,0.3,0.0
113641,1.0,1.0,1.0,0.0
47730,1.0,1.0,1.0,0.4
34713,0.9,1.0,0.9,0.9
5239,0.6,0.6,0.6,0.1
45559,0.9,1.0,0.9,0.1
201630,0.8,0.8,0.8,0.0
230371,0.3,0.4,0.3,0.1
57624,0.6,0.7,0.6,0.3
303911,0.9,0.9,0.9,0.2
243935,1.0,1.0,1.0,0.0
68085,0.9,0.9,0.9,0.4
1896,0.9,0.9,0.9,0.1
607,0.9,1.0,0.9,0.4
10402,0.9,0.9,0.9,0.1
65267,0.0,0.0,0.0,0.1
34449,1.0,1.0,1.0,0.2
94154,0.8,0.8,0.8,0.0
4617,0.7,0.7,0.7,0.0
110170,0.4,0.4,0.4,0.1
157142,0.6,0.6,0.6,0.1
37115,0.9,0.9,0.9,0.1
63777,0.7,0.7,0.7,0.0
102934,1.0,1.0,1.0,0.5
96150,1.0,1.0,1.0,0.8
4632,0.7,0.7,0.7,0.0
62496,0.5,0.5,0.5,0.3
105359,0.7,0.7,0.7,0.0
44724,0.6,0.7,0.6,0.2
9498,0.8,0.8,0.8,0.0
7078,0.7,0.7,0.7,0.0
78946,0.7,0.7,0.7,0.2
93705,0.2,0.2,0.2,0.1
257810,1.0,1.0,1.0,0.4
102347,0.9,0.9,0.9,0.1
76619,1.0,1.0,1.0,0.1
23591,0.9,0.9,0.9,0.3
133462,0.8,0.7,0.8,0.1
243964,1.0,1.0,1.0,0.1
46183,1.0,1.0,1.0,0.9
5603,0.3,0.5,0.3,0.8
291904,0.9,0.9,0.9,0.6
135364,0.3,0.3,0.3,0.2
38799,0.6,0.6,0.6,0.0
260273,0.8,0.9,0.8,0.1
107249,0.7,0.7,0.7,0.2
97141,0.7,0.8,0.7,0.2
234037,0.9,0.8,0.9,0.1
114802,0.8,0.8,0.8,0.0
231015,0.1,0.1,0.1,0.2
89173,0.2,0.2,0.2,0.0
15060,0.7,0.9,0.7,0.5
316296,0.7,0.8,0.7,0.1
34665,0.7,0.8,0.7,0.1
275815,0.8,0.8,0.8,0.1
6513,0.8,0.8,0.8,0.1
61820,0.6666666666666666,0.6666666666666666,0.6666666666666666,0.0
19093,0.7,0.7,0.7,0.0
205040,0.9,0.9,0.9,0.1
22368,0.3,0.3,0.3,0.0
68874,0.3,0.3,0.3,0.1
96613,1.0,1.0,1.0,0.1
38034,1.0,1.0,1.0,0.0
222806,0.2,0.1,0.2,0.1
116911,0.1,0.1,0.1,0.0
98828,0.4,0.4,0.4,0.1
72071,0.8,0.8,0.8,0.0
83704,1.0,1.0,1.0,0.4
79352,1.0,1.0,1.0,0.1
9987,1.0,1.0,1.0,0.2
155548,0.5,0.6,0.5,0.3
35491,0.1,0.1,0.1,0.0
17889,0.9,0.8,0.9,0.2
16961,0.8,0.7,0.8,0.5
197190,0.8,0.9,0.8,0.5
134373,0.9,0.9,0.9,0.3
130004,0.9,0.8,0.9,0.2
261190,0.9,0.9,0.9,0.2
36524,0.9,0.9,0.9,0.1
2458,1.0,1.0,1.0,0.0
6965,0.8,0.9,0.8,0.2
10774,0.5,0.6,0.5,0.4
81014,1.0,0.9,1.0,0.8
64914,0.7,0.4,0.7,0.8
57551,0.6,0.6,0.6,0.0
2381,0.9,0.9,0.9,0.0
10387,0.8,0.8,0.8,0.2
44650,1.0,1.0,1.0,0.1
96500,1.0,1.0,1.0,0.1
256740,0.8,0.9,0.8,0.5
63464,0.9,0.9,0.9,0.1
2730,1.0,1.0,1.0,0.3
243882,0.9,0.9,0.9,0.2
105546,1.0,1.0,1.0,0.0
34083,0.9,1.0,0.9,0.8
136248,0.8,0.8,0.8,0.2
112842,1.0,1.0,1.0,0.4
196238,0.6,0.5,0.6,0.1
31214,0.8,0.7,0.8,0.4
42253,1.0,1.0,1.0,0.8
89062,0.9,0.9,0.9,0.0
230050,1.0,1.0,1.0,0.2
154910,0.9,0.9,0.9,0.0
128567,1.0,1.0,1.0,0.2
4892,0.9,0.8,0.9,0.1
244431,1.0,1.0,1.0,0.4
70994,1.0,1.0,1.0,0.3
36761,1.0,1.0,1.0,0.3
278447,1.0,1.0,1.0,0.0
227022,0.9,0.8,0.9,0.6
64533,0.5,0.6,0.5,0.1
158051,1.0,1.0,1.0,0.0
68933,0.2,0.2,0.2,0.0
116530,0.9,0.9,0.9,0.0
33914,0.9,1.0,0.9,0.4
14891,1.0,1.0,1.0,0.9
302904,0.7,0.7,0.7,0.0
32736,0.8,0.9,0.8,0.2
70161,0.6,0.7,0.6,0.2
10322,0.6,0.6,0.6,0.0
123213,0.8,0.8,0.8,0.1
3898,0.6,0.8,0.6,0.4
70785,1.0,1.0,1.0,0.1
86017,0.0,0.0,0.0,0.0
68923,0.9,0.9,0.9,0.1
2690,1.0,1.0,1.0,0.3
62923,0.9,0.8,0.9,0.6
43230,0.8,1.0,0.8,0.8
107634,1.0,1.0,1.0,0.0
86220,0.7,0.7,0.7,0.0
130988,0.2,0.2,0.2,0.5
155559,0.4,0.4,0.4,0.0
1839,0.9,0.9,0.9,0.3
72438,1.0,1.0,1.0,0.1
119279,0.9,0.9,0.9,0.1
61374,1.0,1.0,1.0,0.6
291518,0.9,0.9,0.9,0.0
74880,0.9,0.9,0.9,0.6
297019,0.8,0.8,0.8,0.0
114863,0.8,0.8,0.8,0.0
236261,0.5,0.4,0.5,0.2
15746,0.8,0.9,0.8,0.4
24293,0.16666666666666666,0.16666666666666666,0.16666666666666666,0.0
74908,0.9,0.9,0.9,0.2
108154,0.8,0.8,0.8,0.1
18520,0.8,0.8,0.8,0.2
43229,1.0,1.0,1.0,0.5
246621,1.0,1.0,1.0,0.2
105341,0.9,0.9,0.9,0.2
50012,0.5,0.5,0.5,0.4
11652,0.2,0.2,0.2,0.0
238974,0.4,0.4,0.4,0.1
273299,0.6,0.6,0.6,0.0
